"id","requirement","redundancy","consistency","completion","NOTES"
"G1-R001","For each class within a sequence for a cohort, Program Administrators and Nursing Staff Members shall be able to specify which quarter that class will be offered.","","","","Base requirement"
"G1-R002","The system shall retain the available recycled parts and suppliers returned from the search.","","","","Base requirement"
"G1-R003","The estimator shall search by zipcode with a radius of 30 miles if no parts are found for the preferred parts suppliers","","","","Base requirement"
"G1-R004","All streaming movie sales will be logged in the database, and accessible by the administrator.","","","","Base requirement"
"G1-R005","A clinical class shall specify the course name, lecture room requirements, clinical site needs, lecture instructor needs, and clinical lab instructor needs.","","","","Base requirement"
"G1-R006","The System shall generate Inventory Quantity Adjustment document automatically when daily Product Sales data is available.","","","","Base requirement"
"G1-R007","For any systematic (non-user initiated) action that occurs on a case such as the disputes aging process, a case activity will be generated. Upon the next logon the user that initiated the dispute case must be notified that a systematic action has occurred on the dispute case.","","","","Base requirement"
"G1-R008","Website shall allow customers to add their own movie review for a selected movie.","","","","Base requirement"
"G1-R009","The Disputes System must provide a confirmation to the user upon the creation of ticket retrieval request that contains the following information; the dispute case number, the type of retrieval requested (copy, original or portfolio), and the date that the merchant response is due.","","","","Base requirement"
"G1-R010","The adjuster shall be able to override the preferred repair facitlity on the estimate assignment.","","","","Base requirement"
"G1-R011","The audit report shall be displayed to the user.","","","","Base requirement"
"G1-R012","The realtor shall be able to retrieve a map showing property locations for a specified area","","","","Base requirement"
"G1-R013","The ratings shall include categories for attempted use of recycled parts and actual use of recycled parts","","","","Base requirement"
"G1-R014","A cohort shall be associated to one Program of Study offered by the department.","","","","Base requirement"
"G1-R015","The system shall allow a real estate agent to query MLS information","","","","Base requirement"
"G1-R016","The system shall validate user credentials before granting access.","G1-R017","","","DUPLICATE: Both requirements specify user authentication validation - same functional intent with different wording"
"G1-R017","The system shall verify user login information prior to allowing entry.","G1-R016","","","DUPLICATE: Both requirements specify user authentication validation - same functional intent with different wording"
"G1-R018","The application shall log all error messages to the system log file.","G1-R019","","","DUPLICATE: Both require logging errors to file - redundant specification of logging mechanism"
"G1-R019","The application shall record error events in the log file.","G1-R018","","","DUPLICATE: Both require logging errors to file - redundant specification of logging mechanism"
"G1-R020","The system shall display confirmation message after successful save operation.","G1-R021","","","DUPLICATE: Both specify post-save confirmation display - same user feedback requirement"
"G1-R021","Upon successful save, the system shall show a confirmation to the user.","G1-R020","","","DUPLICATE: Both specify post-save confirmation display - same user feedback requirement"
"G2-R022","The notification of the game ending will include the reason the game is ended (i.e., a player has won the game or a player has ended the game).","","","","Base requirement"
"G2-R023","The product shall be capable of handling the existing 1000 users. This number is expected to grow 5 times within the next year.'","","","","Base requirement"
"G2-R024","The product shall be available during normal business hours. As long as the user has access to the client PC  the system will be available 99\% of the time during the first six months of operation.'","","","","Base requirement"
"G2-R025","The product shall operate in offline mode whenever internet connection is unavailable.'","","","","Base requirement"
"G2-R026","A database management system such as Oracle  DB2  MySql or HSQL will need to be integrated with the product.'","","","","Base requirement"
"G2-R027","If the shot was marked as a hit, the product shall allow the offensive player to define a shot.","","","","Base requirement"
"G2-R028","For each turn, the product shall allow the offensive player to define a shot.","","","","Base requirement"
"G2-R029","The product shall continue to assign turns until the game is ended.","","","","Base requirement"
"G2-R030","The product is expected to run on Windows CE and Palm operating systems.'","","","","Base requirement"
"G2-R031","The system shall help the user avoid making mistakes while scheduling classes and clinicals for the nursing students.'","","","","Base requirement"
"G2-R032","The product shall comply with corporate User Interface Guidelines'","","","","Base requirement"
"G2-R033","system shall be able to handle all of the user requests/usage during business hours.'","","","","Base requirement"
"G2-R034","The system shall automatically log out users after 15 minutes of inactivity.","","G2-R035","","CONFLICT: Contradictory timeout policies - 15-min auto-logout vs. indefinite session"
"G2-R035","The system shall maintain user sessions indefinitely until manual logout.","","G2-R034","","CONFLICT: Contradictory timeout policies - 15-min auto-logout vs. indefinite session"
"G2-R036","All passwords must be exactly 8 characters in length.","","G2-R037","","CONFLICT: Incompatible password length constraints - fixed 8 chars vs. 12-20 range"
"G2-R037","The system shall accept passwords between 12 and 20 characters.","","G2-R036","","CONFLICT: Incompatible password length constraints - fixed 8 chars vs. 12-20 range"
"G2-R038","The system shall encrypt all data at rest using AES-256 encryption.","","G2-R039","","CONFLICT: Contradictory encryption policies - mandatory AES-256 vs. no encryption"
"G2-R039","The system shall not apply encryption to stored data to optimize performance.","","G2-R038","","CONFLICT: Contradictory encryption policies - mandatory AES-256 vs. no encryption"
"G3-R040","The system shall create new user accounts.","","","Missing: READ (view user details) and UPDATE (modify user information) operations for complete CRUD","INCOMPLETE SET: Missing: READ (view user details) and UPDATE (modify user information) operations for complete CRUD"
"G3-R041","The system shall delete user accounts.","","","Missing: READ (view user details) and UPDATE (modify user information) operations for complete CRUD","INCOMPLETE SET: Missing: READ (view user details) and UPDATE (modify user information) operations for complete CRUD"
"G3-R042","The system shall accept order submission from customers.","","","Missing: payment processing, inventory verification, shipping notification, and order status updates for complete workflow","INCOMPLETE SET: Missing: payment processing, inventory verification, shipping notification, and order status updates for complete workflow"
"G3-R043","The system shall send order confirmation email.","","","Missing: payment processing, inventory verification, shipping notification, and order status updates for complete workflow","INCOMPLETE SET: Missing: payment processing, inventory verification, shipping notification, and order status updates for complete workflow"
"G3-R044","The system shall authenticate users via username and password.","","","Missing: role-based authorization, session timeout handling, password reset/recovery mechanism for complete security","INCOMPLETE SET: Missing: role-based authorization, session timeout handling, password reset/recovery mechanism for complete security"
"G3-R045","The system shall generate monthly sales reports.","","","Missing: report format specification (PDF/Excel), delivery method (email/download), recipient list, and scheduling mechanism","INCOMPLETE SET: Missing: report format specification (PDF/Excel), delivery method (email/download), recipient list, and scheduling mechanism"
"G3-R046","The System shall utilize currently owned computer equipment.'","","","","Base requirement"
"G3-R047","Only authorized user shall access the RFS system. ONLY users that exist in the UAS system  with the RFS system assigned to their role(s)  shall access the RFS system and use it.'","","","","Base requirement"
"G3-R048","The product shall be available 99\% of the time. Rationale: To avoid service interruption during busiest customer service response periods. The product shall be available 99.99\% of the time for regular business days.'","","","","Base requirement"
"G3-R049","The product shall process messages within 2 seconds.The product shall have a maximum message processing time of 2 seconds'","","","","Base requirement"
"G3-R050","Only managers are able to perform search queries for reservations by user.  100\% of all search queries for reservations by user shall be from logons of only management logons.'","","","","Base requirement"
"G3-R051","The System shall not require additional third party licenses resulting in royalty fees.'","","","","Base requirement"
"G3-R052","The product shall give users feedback when necessary. 80\% of the users surveyed report that the product accurately confirms their actions.'","","","","Base requirement"
"G3-R053","The interface shall have a simple look. In the interface and usability survey  90\% of beta testers must report that the interface is adequately simple.'","","","","Base requirement"
"G3-R054","Only authorized personnel can access customer records in the database.'","","","","Base requirement"
"G3-R055","The product shall be able to display calendar dates and times according to the user's locale.  90\% of survey respondents from each target market country will find that the date and time formatting of the product is correct.'","","","","Base requirement"
"G3-R056","The Commissioner will be the only authorized user per league to adjust league settings.'","","","","Base requirement"
"G3-R057","Changes to revenue and expense formulae must be applied to the RFS system  every year  prior to the budgeting process start. Revenue and expense formulae will be updated within one week of their receipt  after which 2 weeks will be allotted to testing of the budget calculations  to be conducted jointly by the project development team and PCG Finance.'","","","","Base requirement"
"G3-R058","The system shall be easy to learn by callers and supervisors. Callers and supervisors shall learn how to use the system within 10 minutes.'","","","","Base requirement"
"G3-R059","System shall let customers register on the website as a ""pay as you go"" user in under 5 minutes.'","","","","Base requirement"
"G3-R060","The System shall be able to automatically backup business data and restore them on demand.'","","","","Base requirement"
"G3-R061","98\% of the user workstations shall meet the minimum software requirements prior to implementation: Microsoft Internet Explorer 5.0. Microsoft .NET Framework 1.1. Microsoft Internet Explorer Web Controls'","","","","Base requirement"
"G3-R062","The product shall allow for intuitive searching of available conference rooms.'","","","","Base requirement"
"G3-R063","The product shall be platform independent.The product shall enable access to any type of development environment and platform.'","","","","Base requirement"
"G4-R064","The product shall notify building personnel of equipment transport requests.","","","","Base requirement"
"G4-R065","The leads washing functionality will store any potential lead duplicates returned by the enterprise system.","","","","Base requirement"
"G4-R066","The look and feel of the system shall conform to the user interface standards of the smart device.'","","","","Base requirement"
"G4-R067","Daily usage statistics should be logged, and accessible by the administrator.","","","","Base requirement"
"G4-R068","The current repair facility ratings shall be displayed to the user.","","","","Base requirement"
"G4-R069","If projected  the data must be understandable. On a 10x10 projection screen  90\% of viewers must be able to determine that Events or Activities are occuring in current time from a viewing distance of 100'","","","","Base requirement"
"G4-R070","When the hit results in sinking a ship, the product shall notify the players that the ship was sunk.","","","","Base requirement"
"G4-R071","All of the users shall be able to use the system after one day of training.'","","","","Base requirement"
"G4-R072","The estimator shall search for available recycled parts using damaged vehicle parts information.","","","","Base requirement"
"G4-R073","The system shall refresh the display every 60 seconds.'","","","","Base requirement"
"G4-R074","The product shall have a customizable Look and Feel.","","","","Base requirement"
"G4-R075","The product shall be able to support multiple remote users'","","","","Base requirement"
"G4-R076","The product shall be available during normal business hours. As long as the user has access to the client PC  the system will be available 99\% of the time during the first six months of operation.'","","","","Base requirement"
"G4-R077","The system shall use symbols and words that are naturally understandable by the user community.'","","","","Base requirement"
"G4-R078","The product shall allow the player to position ships vertically on their grid.","","","","Base requirement"
"G4-R079","The system shall validate user credentials before granting access.","G4-R080","","","DUPLICATE: Both requirements specify user authentication validation - same functional intent with different wording"
"G4-R080","The system shall verify user login information prior to allowing entry.","G4-R079","","","DUPLICATE: Both requirements specify user authentication validation - same functional intent with different wording"
"G4-R081","The application shall log all error messages to the system log file.","G4-R082","","","DUPLICATE: Both require logging errors to file - redundant specification of logging mechanism"
"G4-R082","The application shall record error events in the log file.","G4-R081","","","DUPLICATE: Both require logging errors to file - redundant specification of logging mechanism"
"G4-R083","The system shall display confirmation message after successful save operation.","G4-R084","","","DUPLICATE: Both specify post-save confirmation display - same user feedback requirement"
"G4-R084","Upon successful save, the system shall show a confirmation to the user.","G4-R083","","","DUPLICATE: Both specify post-save confirmation display - same user feedback requirement"
"G4-R085","The system response time shall not exceed 2 seconds.","","G4-R086","","CONFLICT: Incompatible performance requirements - 2 sec vs. 5 sec response time"
"G4-R086","The system shall respond to user requests within 5 seconds maximum.","","G4-R085","","CONFLICT: Incompatible performance requirements - 2 sec vs. 5 sec response time"
"G5-R087","The product shall have the ability to receive automatic software updates as new threats emerge.  100\% of customers will be able to receive automatic software updates transmitted to the installed product.'","","","Missing: error handling, rollback mechanism, and audit logging for complete transaction management","INCOMPLETE: Missing: error handling, rollback mechanism, and audit logging for complete transaction management"
"G5-R088","All credit card information will be secured on the server  and only accessible by authorized Izogn administrators.  Information will be encrypted in the database.'","","","Missing: error handling, rollback mechanism, and audit logging for complete transaction management","INCOMPLETE: Missing: error handling, rollback mechanism, and audit logging for complete transaction management"
"G5-R089","The product shall free of computer viruses.'","","","Missing: error handling, rollback mechanism, and audit logging for complete transaction management","INCOMPLETE: Missing: error handling, rollback mechanism, and audit logging for complete transaction management"
"G5-R090","The product must be developed with the J2SE/J2EE programming language libraries'","","","","Base requirement"
"G5-R091","The product must work with most database management systems (DBMS) on the market  whether the DBMS is colocated with the product on the same machine or is located on a different machine on the computer network.'","","","","Base requirement"
"G5-R092","The product must be highly configurable for use with various database management systems for the end users.  80\% of end users are able to integrate new database management systems with the product without changing the product's software code.'","","","","Base requirement"
"G5-R093","The product shall allow the user to select a chosen language from one of the target market countries.'","","","","Base requirement"
"G5-R094","Izogn Administrator must be able to add new products to the website within 2 minutes.'","","","","Base requirement"
"G5-R095","Only authorized users shall have access to clinical site information.'","","","","Base requirement"
"G5-R096","The Disputes application shall comply with the corporate standards for user interface creation for internally and externally used applications.'","","","","Base requirement"
"G5-R097","The product shall be able to handle 10 000 concurrent users within 2 years of the initial launch.'","","","","Base requirement"
"G5-R098","The product shall retain the customer's buying preferences and information.'","","","","Base requirement"
"G5-R099","The system shall automatically log out users after 15 minutes of inactivity.","","G5-R100","","CONFLICT: Contradictory timeout policies - 15-min auto-logout vs. indefinite session"
"G5-R100","The system shall maintain user sessions indefinitely until manual logout.","","G5-R099","","CONFLICT: Contradictory timeout policies - 15-min auto-logout vs. indefinite session"
"G5-R101","All passwords must be exactly 8 characters in length.","","G5-R102","","CONFLICT: Incompatible password length constraints - fixed 8 chars vs. 12-20 range"
"G5-R102","The system shall accept passwords between 12 and 20 characters.","","G5-R101","","CONFLICT: Incompatible password length constraints - fixed 8 chars vs. 12-20 range"
"G5-R103","The system shall encrypt all data at rest using AES-256 encryption.","","G5-R104","","CONFLICT: Contradictory encryption policies - mandatory AES-256 vs. no encryption"
"G5-R104","The system shall not apply encryption to stored data to optimize performance.","","G5-R103","","CONFLICT: Contradictory encryption policies - mandatory AES-256 vs. no encryption"
"G6-R105","The website will allow customers to search for movies by title, actor, or director.","","","Missing: error handling, rollback mechanism, and audit logging for complete transaction management","INCOMPLETE: Missing: error handling, rollback mechanism, and audit logging for complete transaction management"
"G6-R106","PME Subsystem shall allow keeping submenus within menus and products within submenus in a managed and persisted order.","","","Missing: error handling, rollback mechanism, and audit logging for complete transaction management","INCOMPLETE: Missing: error handling, rollback mechanism, and audit logging for complete transaction management"
"G6-R107","Daily usage statistics should be logged, and accessible by the administrator.","","","Missing: error handling, rollback mechanism, and audit logging for complete transaction management","INCOMPLETE: Missing: error handling, rollback mechanism, and audit logging for complete transaction management"
"G6-R108","The system shall search for available recycled parts for the supplied vehicle parts and suppliers.","","","","Base requirement"
"G6-R109","The Disputes System must allow the user to create three unique types of ticket retrieval requests. The three types of ticket retrieval requests are (1) Request for original receipt (2) Request for a copy of the receipt or (3) Request for a portfolio. A portfolio consists of documentation that would provide proof of a purchase such as the documentation that is received from a car rental agency that is more than a sales receipt.","","","","Base requirement"
"G6-R110","The system shall be able to display a printable summary for individual nursing students, which will include (but not be limited to) student name, student ID, admission date, classes, credits, GPA, and the cohort that the student is enrolled in.","","","","Base requirement"
"G6-R111","The product shall allow a player to initiate a game by selecting another available player from the list of players.","","","","Base requirement"
"G6-R112","The system will display a blank set of ratings if there are not ratings yet defined.","","","","Base requirement"
"G6-R113","The Disputes System shall prevent the creation of duplicate dispute requests 100% of the time.","","","","Base requirement"
"G6-R114","The system shall be able to display a printable summary for individual clinical labs, which will include (but not be limited to) class name, class number, lab section, listing of students enrolled, instructor, day(s), time, and location.","","","","Base requirement"
"G6-R115","When the hit results in sinking a ship, the product shall mark the ship as sunk on the defensive grid of the defensive player.","","","","Base requirement"
"G6-R116","The estimator shall not apply recycled parts to the collision estimate if no available parts are returned.","","","","Base requirement"
"G6-R117","The product shall allow the player to position ships diagonally on their grid","","","","Base requirement"
"G6-R118","The product shall allow a player to position ships horizontally on their grid.","","","","Base requirement"
"G6-R119","The Disputes System will facilitate direct data entry of a dispute case via a user interface that supports real time responses to the users.","","","","Base requirement"
"G6-R120","The system shall validate user credentials before granting access.","G6-R121","","","DUPLICATE: Both requirements specify user authentication validation - same functional intent with different wording"
"G6-R121","The system shall verify user login information prior to allowing entry.","G6-R120","","","DUPLICATE: Both requirements specify user authentication validation - same functional intent with different wording"
"G6-R122","The application shall log all error messages to the system log file.","G6-R123","","","DUPLICATE: Both require logging errors to file - redundant specification of logging mechanism"
"G6-R123","The application shall record error events in the log file.","G6-R122","","","DUPLICATE: Both require logging errors to file - redundant specification of logging mechanism"
"G6-R124","The system shall display confirmation message after successful save operation.","G6-R125","","","DUPLICATE: Both specify post-save confirmation display - same user feedback requirement"
"G6-R125","Upon successful save, the system shall show a confirmation to the user.","G6-R124","","","DUPLICATE: Both specify post-save confirmation display - same user feedback requirement"
"G7-R126","The product shall be able support 1000 simultaneous users.'","","","Missing: error handling, rollback mechanism, and audit logging for complete transaction management","INCOMPLETE: Missing: error handling, rollback mechanism, and audit logging for complete transaction management"
"G7-R127","The system shall be used within the specifications defined by the computers used by the Program Administrators/Nursing Staff Members.'","","","Missing: error handling, rollback mechanism, and audit logging for complete transaction management","INCOMPLETE: Missing: error handling, rollback mechanism, and audit logging for complete transaction management"
"G7-R128","The leads washing functionality will insert all leads captured by the web service.","","","Missing: error handling, rollback mechanism, and audit logging for complete transaction management","INCOMPLETE: Missing: error handling, rollback mechanism, and audit logging for complete transaction management"
"G7-R129","Program Administrators/Nursing Staff Members are the only people who shall have access to clinical site details.'","","","","Base requirement"
"G7-R130","The Disputes application shall ensure that only authorized users are allowed to logon to the application.'","","","","Base requirement"
"G7-R131","The Disputes applications shall interface with the Merchant Information Database.  The Merchant Information Database provides detailed information with regard to the merchant. All merchant detail information shall be obtained from the Merchant Information Database.'","","","","Base requirement"
"G7-R132","The number of mistakes noted by the students shall be decreased by 50\% in the first year.'","","","","Base requirement"
"G7-R133","When the hit results in sinking a ship, the product shall notify the players that the ship was sunk.","","","","Base requirement"
"G7-R134","At the start of each turn, the product shall notify each player of his or her status.","","","","Base requirement"
"G7-R135","The product shall have a consistent color scheme and fonts.'","","","","Base requirement"
"G7-R136","The product shall display a map of the company building showing conference room locations.","","","","Base requirement"
"G7-R137","All screens created as part of the Disputes application must comply with corporate standards for interface creation.'","","","","Base requirement"
"G7-R138","The System shall generate Inventory Quantity Adjustment document based on product daily sales data and product formulas.","","","","Base requirement"
"G7-R139","The product shall produce search results in an acceptable time'","","","","Base requirement"
"G7-R140","Daily usage statistics should be logged, and accessible by the administrator.","","","","Base requirement"
"G7-R141","The system shall validate user credentials before granting access.","G7-R142","","","DUPLICATE: Both requirements specify user authentication validation - same functional intent with different wording"
"G7-R142","The system shall verify user login information prior to allowing entry.","G7-R141","","","DUPLICATE: Both requirements specify user authentication validation - same functional intent with different wording"
"G7-R143","The application shall log all error messages to the system log file.","G7-R144","","","DUPLICATE: Both require logging errors to file - redundant specification of logging mechanism"
"G7-R144","The application shall record error events in the log file.","G7-R143","","","DUPLICATE: Both require logging errors to file - redundant specification of logging mechanism"
"G7-R145","The system shall display confirmation message after successful save operation.","G7-R146","","","DUPLICATE: Both specify post-save confirmation display - same user feedback requirement"
"G7-R146","Upon successful save, the system shall show a confirmation to the user.","G7-R145","","","DUPLICATE: Both specify post-save confirmation display - same user feedback requirement"
"G7-R147","The system response time shall not exceed 2 seconds.","","G7-R148","","CONFLICT: Incompatible performance requirements - 2 sec vs. 5 sec response time"
"G7-R148","The system shall respond to user requests within 5 seconds maximum.","","G7-R147","","CONFLICT: Incompatible performance requirements - 2 sec vs. 5 sec response time"
